{"train_score": 0.18546806599987417, "valid_score": 0.38730668294816695}